Mutation,Contact Score
WT_II,778.081003
WT_II,498.6338370000001
WT_II,564.737113
WT_II,509.89622
WT_II,586.566921
WT_II,573.797844
WT_II,540.3842449999999
WT_II,517.6489799999999
WT_II,478.65234500000014
WT_II,463.956519
WT_II,474.92367800000005
WT_II,558.3840520000001
WT_II,517.76901
WT_II,396.12913800000007
WT_II,510.23347100000007
WT_II,450.99490800000007
WT_II,550.8821960000001
WT_II,511.6947580000001
WT_II,627.2437380000001
WT_II,575.4992899999999
WT_II,489.31674
WT_II,468.041739
WT_II,539.332364
WT_II,488.013871
WT_II,442.2986739999999
WT_II,613.9575220000003
WT_II,501.3224579999999
WT_II,565.6932749999999
WT_II,552.1186720000001
WT_II,424.36617499999994
WT_II,424.4704530000001
WT_II,461.64031500000004
WT_II,351.61023000000006
WT_II,483.50820699999997
WT_II,666.0673680000001
WT_II,281.04697699999997
WT_II,462.02028900000005
WT_II,316.3872190000001
WT_II,302.7161559999999
WT_II,223.51519499999998
WT_II,246.46833399999997
WT_II,336.564416
WT_II,317.2650780000001
WT_II,274.51466
WT_II,609.3389260000001
WT_II,645.972485
WT_II,618.4405160000001
WT_II,672.1528850000003
WT_II,626.223452
WT_II,691.2428450000002
WT_II,673.8195520000003
WT_II,657.2249480000002
WT_II,649.522583
WT_II,566.1840970000001
WT_II,656.4026670000001
WT_II,582.413025
WT_II,388.619552
WT_II,467.9792759999999
WT_II,523.8387420000001
WT_II,567.6864050000001
WT_II,741.049794
WT_II,472.052702
WT_II,460.645528
WT_II,451.21429000000006
WT_II,593.7021990000002
WT_II,363.49102099999993
V34A_II,536.8979939999999
V34A_II,509.4535950000002
V34A_II,484.88227899999987
V34A_II,639.8671849999997
V34A_II,496.4557130000002
V34A_II,490.5828029999999
V34A_II,505.9322560000001
V34A_II,514.81556
V34A_II,553.6696889999998
V34A_II,469.0260159999999
V34A_II,471.681399
V34A_II,595.3805709999999
V34A_II,543.227577
V34A_II,260.06382299999996
V34A_II,403.20406099999997
V34A_II,376.75102499999997
V34A_II,377.3726809999999
V34A_II,389.32543699999997
V34A_II,468.40863999999993
V34A_II,394.58454200000006
V34A_II,353.95993
V34A_II,360.7621720000001
V34A_II,621.9061200000001
V34A_II,369.623589
V34A_II,257.712161
V34A_II,421.9663579999999
V34A_II,340.09375200000017
V34A_II,251.95247199999997
V34A_II,286.430189
V34A_II,294.916318
V34A_II,335.257697
V34A_II,311.73257400000006
V34A_II,275.27706900000004
V34A_II,575.061347
V34A_II,343.76094300000005
V34A_II,347.8351120000001
V34A_II,409.1142190000001
V34A_II,468.840326
V34A_II,446.4853810000001
V34A_II,402.001928
V34A_II,421.8647459999999
V34A_II,469.3288569999999
V34A_II,370.855915
V34A_II,314.963854
V34A_II,408.2297790000001
V34A_II,634.5954139999999
V34A_II,427.02755
V34A_II,551.7847820000001
V34A_II,407.85376399999996
V34A_II,535.6631880000001
V34A_II,499.6196910000001
V34A_II,491.5394349999999
V34A_II,436.23789999999997
V34A_II,342.06387299999983
V34A_II,413.4277130000002
S41A_II,588.9260830000002
S41A_II,561.2959859999999
S41A_II,194.06592899999995
S41A_II,447.7565769999999
S41A_II,342.13365300000004
S41A_II,364.36943200000013
S41A_II,395.36076900000006
S41A_II,258.5203619999999
S41A_II,285.20567500000004
S41A_II,201.97270400000002
S41A_II,197.104837
S41A_II,621.8227119999999
S41A_II,580.8726370000002
S41A_II,543.660508
S41A_II,445.938059
S41A_II,564.8720770000001
S41A_II,491.748239
S41A_II,448.23581200000007
S41A_II,405.99721000000005
S41A_II,381.874778
S41A_II,410.959235
S41A_II,534.8278860000001
S41A_II,550.9229869999999
S41A_II,449.040211
S41A_II,749.0503980000001
S41A_II,602.683784
S41A_II,613.7087640000001
S41A_II,622.7117460000001
S41A_II,596.9873419999998
S41A_II,673.8112370000001
S41A_II,792.8921449999998
S41A_II,800.0451039999997
S41A_II,712.589034
S41A_II,576.0341600000002
S41A_II,624.285691
S41A_II,764.5001979999997
S41A_II,546.4946920000001
S41A_II,757.9951420000001
S41A_II,749.8454619999999
S41A_II,746.2196640000002
S41A_II,816.6964710000001
S41A_II,620.3236030000002
S41A_II,525.431466
S41A_II,670.3742400000001
S41A_II,639.8507079999999
S41A_II,432.29347
S41A_II,513.6081129999999
S41A_II,438.6261629999999
S41A_II,492.8424689999999
S41A_II,512.574602
S41A_II,424.84249399999993
S41A_II,421.487107
S41A_II,481.36230999999987
S41A_II,408.1609940000001
S41A_II,392.20470300000017
V34A_S41A_II,624.0975490000001
V34A_S41A_II,564.8398269999999
V34A_S41A_II,511.0984240000001
V34A_S41A_II,517.7649160000001
V34A_S41A_II,426.88780099999997
V34A_S41A_II,578.0764410000002
V34A_S41A_II,485.49995399999995
V34A_S41A_II,335.889373
V34A_S41A_II,619.6769459999999
V34A_S41A_II,558.8813179999999
V34A_S41A_II,478.73952600000007
V34A_S41A_II,534.8162339999998
V34A_S41A_II,644.6918919999999
V34A_S41A_II,529.344375
V34A_S41A_II,494.3951249999999
V34A_S41A_II,580.49266
V34A_S41A_II,580.5159040000001
V34A_S41A_II,569.4609379999999
V34A_S41A_II,557.327605
V34A_S41A_II,620.2268830000002
V34A_S41A_II,587.515085
V34A_S41A_II,547.2040240000001
V34A_S41A_II,574.1613040000001
V34A_S41A_II,543.7334960000002
V34A_S41A_II,628.5453819999999
V34A_S41A_II,492.16577699999993
V34A_S41A_II,562.628812
V34A_S41A_II,504.88634099999996
V34A_S41A_II,569.554777
V34A_S41A_II,566.2759949999999
V34A_S41A_II,596.490769
V34A_S41A_II,489.98502799999994
V34A_S41A_II,619.823424
V34A_S41A_II,550.6757119999999
V34A_S41A_II,610.371667
V34A_S41A_II,288.66821
V34A_S41A_II,451.64622799999995
V34A_S41A_II,382.02604499999995
V34A_S41A_II,168.686111
V34A_S41A_II,274.37348299999996
V34A_S41A_II,221.217664
V34A_S41A_II,204.730795
V34A_S41A_II,131.64716
V34A_S41A_II,232.65157600000003
V34A_S41A_II,625.0567860000001
V34A_S41A_II,429.596941
V34A_S41A_II,398.35567100000014
V34A_S41A_II,433.7117100000001
V34A_S41A_II,420.32032999999996
V34A_S41A_II,329.4468269999999
V34A_S41A_II,344.73973799999993
V34A_S41A_II,474.670946
V34A_S41A_II,333.9114179999999
V34A_S41A_II,364.31338900000003
V34A_S41A_II,397.79316499999993
F49A_II,431.85867099999996
F49A_II,446.8402630000001
F49A_II,350.883881
F49A_II,440.203361
F49A_II,466.706235
F49A_II,347.10904999999997
F49A_II,470.128275
F49A_II,485.699036
F49A_II,425.8314749999999
F49A_II,392.97714799999994
F49A_II,405.89563899999996
F49A_II,500.9491279999999
F49A_II,492.97407799999996
F49A_II,344.40489500000007
F49A_II,524.626589
F49A_II,428.53719800000005
F49A_II,490.860671
F49A_II,442.048678
F49A_II,508.1907519999999
F49A_II,599.626891
F49A_II,386.016034
F49A_II,529.601672
F49A_II,649.268585
F49A_II,713.8500439999997
F49A_II,870.7303210000001
F49A_II,521.8431960000001
F49A_II,643.9647900000002
F49A_II,494.041409
F49A_II,533.212891
F49A_II,589.1348470000001
F49A_II,792.2402239999999
F49A_II,722.55341
F49A_II,706.8805239999999
F49A_II,506.015405
F49A_II,447.96351200000004
F49A_II,714.877571
F49A_II,411.5768109999999
F49A_II,478.163616
F49A_II,595.8751869999999
F49A_II,641.407462
F49A_II,673.5081210000001
F49A_II,637.4552709999999
F49A_II,592.937329
F49A_II,502.37036700000004
F49A_II,660.3148989999997
F49A_II,526.8963210000001
F49A_II,486.8686049999999
F49A_II,419.71764799999994
F49A_II,473.6708219999998
F49A_II,311.18858199999994
F49A_II,423.08549099999993
F49A_II,456.568355
F49A_II,425.541038
F49A_II,378.0730309999999
F49A_II,455.2550820000001
